<?xml version="1.0" encoding="UTF-8"?>
<project-private xmlns="http://www.netbeans.org/ns/project-private/1">
    <editor-bookmarks xmlns="http://www.netbeans.org/ns/editor-bookmarks/2" lastBookmarkId="0"/>
    <open-files xmlns="http://www.netbeans.org/ns/projectui-open-files/2">
        <group>
            <file>file:/C:/Users/Merci/Documents/NetBeansProjects/Szakdolgozat/src/szakdolgozat/Eper.java</file>
            <file>file:/C:/Users/Merci/Documents/NetBeansProjects/Szakdolgozat/src/szakdolgozat/Szilva.java</file>
            <file>file:/C:/Users/Merci/Documents/NetBeansProjects/Szakdolgozat/src/szakdolgozat/FeketeNagalytö.java</file>
            <file>file:/C:/Users/Merci/Documents/NetBeansProjects/Szakdolgozat/src/szakdolgozat/Hovirag.java</file>
            <file>file:/C:/Users/Merci/Documents/NetBeansProjects/Szakdolgozat/src/szakdolgozat/Retek.java</file>
            <file>file:/C:/Users/Merci/Documents/NetBeansProjects/Szakdolgozat/src/szakdolgozat/Zeller.java</file>
            <file>file:/C:/Users/Merci/Documents/NetBeansProjects/Szakdolgozat/src/szakdolgozat/TeliKörte.java</file>
            <file>file:/C:/Users/Merci/Documents/NetBeansProjects/Szakdolgozat/src/szakdolgozat/Oregano.java</file>
            <file>file:/C:/Users/Merci/Documents/NetBeansProjects/Szakdolgozat/src/szakdolgozat/Dinnye.java</file>
            <file>file:/C:/Users/Merci/Documents/NetBeansProjects/Szakdolgozat/src/szakdolgozat/Malna.java</file>
            <file>file:/C:/Users/Merci/Documents/NetBeansProjects/Szakdolgozat/src/szakdolgozat/Kajszibarack.java</file>
            <file>file:/C:/Users/Merci/Documents/NetBeansProjects/Szakdolgozat/src/szakdolgozat/Patiszon.java</file>
            <file>file:/C:/Users/Merci/Documents/NetBeansProjects/Szakdolgozat/src/szakdolgozat/Kelkaposzta.java</file>
            <file>file:/C:/Users/Merci/Documents/NetBeansProjects/Szakdolgozat/src/szakdolgozat/StarkingAlma.java</file>
            <file>file:/C:/Users/Merci/Documents/NetBeansProjects/Szakdolgozat/src/szakdolgozat/JonagoldAlma.java</file>
            <file>file:/C:/Users/Merci/Documents/NetBeansProjects/Szakdolgozat/src/szakdolgozat/Citromfü.java</file>
            <file>file:/C:/Users/Merci/Documents/NetBeansProjects/Szakdolgozat/src/szakdolgozat/Boroka.java</file>
            <file>file:/C:/Users/Merci/Documents/NetBeansProjects/Szakdolgozat/src/szakdolgozat/Cekla.java</file>
            <file>file:/C:/Users/Merci/Documents/NetBeansProjects/Szakdolgozat/src/szakdolgozat/ÖsziBuza.java</file>
            <file>file:/C:/Users/Merci/Documents/NetBeansProjects/Szakdolgozat/src/szakdolgozat/Afonya.java</file>
            <file>file:/C:/Users/Merci/Documents/NetBeansProjects/Szakdolgozat/src/szakdolgozat/Bazsalikom.java</file>
            <file>file:/C:/Users/Merci/Documents/NetBeansProjects/Szakdolgozat/src/szakdolgozat/Mandula.java</file>
            <file>file:/C:/Users/Merci/Documents/NetBeansProjects/Szakdolgozat/src/szakdolgozat/Brokkoli.java</file>
            <file>file:/C:/Users/Merci/Documents/NetBeansProjects/Szakdolgozat/src/szakdolgozat/Mangold.java</file>
            <file>file:/C:/Users/Merci/Documents/NetBeansProjects/Szakdolgozat/src/szakdolgozat/Paprika.java</file>
            <file>file:/C:/Users/Merci/Documents/NetBeansProjects/Szakdolgozat/src/szakdolgozat/Paradicsom.java</file>
            <file>file:/C:/Users/Merci/Documents/NetBeansProjects/Szakdolgozat/src/szakdolgozat/Porehagyma.java</file>
            <file>file:/C:/Users/Merci/Documents/NetBeansProjects/Szakdolgozat/src/szakdolgozat/Idözitö.java</file>
            <file>file:/C:/Users/Merci/Documents/NetBeansProjects/Szakdolgozat/src/szakdolgozat/Edeskömeny.java</file>
            <file>file:/C:/Users/Merci/Documents/NetBeansProjects/Szakdolgozat/src/szakdolgozat/Cseresznye.java</file>
            <file>file:/C:/Users/Merci/Documents/NetBeansProjects/Szakdolgozat/src/szakdolgozat/Evszakok.java</file>
            <file>file:/C:/Users/Merci/Documents/NetBeansProjects/Szakdolgozat/src/szakdolgozat/GalagonyaCsipkebogyo.java</file>
            <file>file:/C:/Users/Merci/Documents/NetBeansProjects/Szakdolgozat/src/szakdolgozat/Borbolya.java</file>
            <file>file:/C:/Users/Merci/Documents/NetBeansProjects/Szakdolgozat/src/szakdolgozat/Körte.java</file>
            <file>file:/C:/Users/Merci/Documents/NetBeansProjects/Szakdolgozat/src/szakdolgozat/Regisztrálás.java</file>
            <file>file:/C:/Users/Merci/Documents/NetBeansProjects/Szakdolgozat/src/szakdolgozat/Cikoria.java</file>
            <file>file:/C:/Users/Merci/Documents/NetBeansProjects/Szakdolgozat/src/szakdolgozat/Uborka.java</file>
            <file>file:/C:/Users/Merci/Documents/NetBeansProjects/Szakdolgozat/src/szakdolgozat/Kezdo.java</file>
            <file>file:/C:/Users/Merci/Documents/NetBeansProjects/Szakdolgozat/src/szakdolgozat/Pasztorsaska.java</file>
            <file>file:/C:/Users/Merci/Documents/NetBeansProjects/Szakdolgozat/src/szakdolgozat/Zsaja.java</file>
            <file>file:/C:/Users/Merci/Documents/NetBeansProjects/Szakdolgozat/src/szakdolgozat/Öszibarack.java</file>
        </group>
    </open-files>
</project-private>
